prediction_made_on,match_date,home_team,away_team,predicted_unweighted,predicted_balanced,prob_home_win,prob_draw,prob_away_win,actual_result,predicted_dixon_coles,dc_prob_home_win,dc_prob_draw,dc_prob_away_win
2026-08-31,2026-08-31,Aston Villa,Arsenal,A,A,0.113,0.265,0.622,A,,,,
2026-08-31,2026-09-04,Ipswich,Liverpool,A,A,0.303,0.216,0.481,A,,,,
2026-08-31,2026-09-05,Newcastle,Bournemouth,H,H,0.489,0.256,0.255,D,,,,
2026-08-31,2026-09-05,Nott'm Forest,Tottenham,H,A,0.414,0.216,0.37,D,,,,
2026-08-31,2026-09-05,Man City,Coventry,H,H,0.797,0.128,0.075,H,,,,
2026-08-31,2026-09-05,Brighton,Leeds,H,H,0.623,0.202,0.175,D,,,,
2026-08-31,2026-09-05,Brentford,Sunderland,H,H,0.471,0.241,0.288,D,,,,
2026-08-31,2026-09-05,Fulham,Crystal Palace,H,H,0.485,0.227,0.287,A,,,,
2026-08-31,2026-09-05,Hull,Aston Villa,H,A,0.437,0.221,0.342,D,,,,
2026-08-31,2026-09-06,Everton,Man United,A,A,0.238,0.212,0.55,D,,,,
2026-08-31,2026-09-06,Arsenal,Chelsea,H,H,0.759,0.123,0.118,H,,,,
2026-09-07,2026-09-12,Crystal Palace,Ipswich,A,A,0.3050000071525574,0.2619999945163727,0.4329999983310699,A,,,,
2026-09-07,2026-09-12,Liverpool,Fulham,H,A,0.4230000078678131,0.2169999927282333,0.3600000143051147,D,,,,
2026-09-07,2026-09-12,Aston Villa,Nott'm Forest,H,A,0.375,0.2730000019073486,0.3519999980926513,A,,,,
2026-09-07,2026-09-12,Bournemouth,Brentford,H,H,0.6230000257492065,0.1909999996423721,0.1860000044107437,D,,,,
2026-09-07,2026-09-12,Chelsea,Hull,A,A,0.3310000002384186,0.2610000073909759,0.4070000052452087,D,,,,
2026-09-07,2026-09-12,Tottenham,Everton,H,H,0.5609999895095825,0.202000007033348,0.2370000034570694,D,,,,
2026-09-07,2026-09-12,Sunderland,Arsenal,A,A,0.2720000147819519,0.2090000063180923,0.5199999809265137,A,,,,
2026-09-07,2026-09-13,Coventry,Brighton,A,A,0.375,0.2430000007152557,0.3819999992847442,A,,,,
2026-09-07,2026-09-13,Man United,Man City,H,H,0.4670000076293945,0.2240000069141388,0.3089999854564667,A,,,,
2026-09-13,2026-09-14,Leeds,Newcastle,H,D,0.3689999878406524,0.3519999980926513,0.2800000011920929,H,,,,
2026-09-17,2026-09-18,Brentford,Chelsea,H,H,0.5400000214576721,0.2199999988079071,0.2399999946355819,H,,,,
2026-09-17,2026-09-19,Tottenham,Aston Villa,H,H,0.5059999823570251,0.2090000063180923,0.2849999964237213,A,,,,
2026-09-17,2026-09-19,Everton,Ipswich,A,A,0.3510000109672546,0.248999997973442,0.4000000059604645,H,,,,
2026-09-17,2026-09-19,Brighton,Arsenal,A,A,0.335999995470047,0.2290000021457672,0.4350000023841858,H,,,,
2026-09-17,2026-09-19,Newcastle,Hull,H,A,0.4679999947547912,0.2249999940395355,0.3079999983310699,H,,,,
2026-09-17,2026-09-19,Nott'm Forest,Coventry,H,H,0.550000011920929,0.1979999989271164,0.2520000040531158,A,,,,
2026-09-20,2026-09-20,Bournemouth,Liverpool,H,D,0.4720000028610229,0.2669999897480011,0.2610000073909759,A,A,0.308,0.255,0.437
2026-09-20,2026-09-20,Leeds,Crystal Palace,H,D,0.4250000119209289,0.2759999930858612,0.3000000119209289,D,H,0.456,0.276,0.268
2026-09-20,2026-09-20,Man City,Sunderland,H,H,0.7580000162124634,0.1110000014305114,0.1309999972581863,H,H,0.669,0.223,0.108
2026-09-20,2026-09-20,Fulham,Man United,A,A,0.2419999986886978,0.2409999966621399,0.5170000195503235,D,A,0.336,0.277,0.388
2026-10-05,2026-10-10,Arsenal,Leeds,H,H,0.7300000190734863,0.11400000005960464,0.15600000321865082,,H,0.657,0.223,0.12
2026-10-05,2026-10-10,Sunderland,Brighton,A,A,0.18799999356269836,0.2540000081062317,0.5580000281333923,,A,0.308,0.282,0.411
2026-10-05,2026-10-10,Chelsea,Bournemouth,H,A,0.46799999475479126,0.2460000067949295,0.28600001335144043,,H,0.465,0.252,0.283
2026-10-05,2026-10-10,Ipswich,Fulham,A,A,0.23899999260902405,0.2590000033378601,0.5019999742507935,,A,0.236,0.252,0.512
2026-10-05,2026-10-10,Aston Villa,Brentford,H,A,0.39399999380111694,0.23899999260902405,0.367000013589859,,H,0.407,0.264,0.329
2026-10-05,2026-10-10,Man United,Tottenham,H,H,0.6840000152587891,0.15199999511241913,0.164000004529953,,H,0.528,0.24,0.233
2026-10-05,2026-10-11,Hull,Everton,A,A,0.17800000309944153,0.20200000703334808,0.6200000047683716,,H,0.458,0.338,0.204
2026-10-05,2026-10-11,Crystal Palace,Nott'm Forest,A,A,0.2770000100135803,0.24699999392032623,0.47699999809265137,,H,0.363,0.295,0.342
2026-10-05,2026-10-11,Liverpool,Man City,H,A,0.421999990940094,0.23800000548362732,0.3400000035762787,,A,0.315,0.257,0.427
2026-10-05,2026-10-12,Coventry,Newcastle,A,A,0.21299999952316284,0.20000000298023224,0.5870000123977661,,A,0.048,0.21,0.742
